{"cameraMode":{"drawMode":0,"name":"Shaded","section":"Shading Mode"},"sceneLighting":true,"audioPlay":false,"sceneViewState":{"showFog":true,"showMaterialUpdate":false,"showSkybox":true,"showFlares":true,"showImageEffects":true,"showParticleSystems":true},"in2DMode":false,"pivot":{"x":30.60242462158203,"y":-14.744407653808594,"z":19.99835968017578},"rotation":{"x":0.1023930013179779,"y":-0.7588422894477844,"z":0.6312887072563171,"w":0.12308192998170853},"size":10.81154727935791,"orthographic":true}